<?xml version="1.0" encoding="UTF-8"?>
<project-private xmlns="http://www.netbeans.org/ns/project-private/1">
    <editor-bookmarks xmlns="http://www.netbeans.org/ns/editor-bookmarks/2" lastBookmarkId="0"/>
    <open-files xmlns="http://www.netbeans.org/ns/projectui-open-files/2">
        <group>
            <file>file:/C:/Users/Hp/Documents/NetBeansProjects/RubricsMain/src/rubricsmain/assessments.java</file>
            <file>file:/C:/Users/Hp/Documents/NetBeansProjects/RubricsMain/src/rubricsmain/Main.java</file>
            <file>file:/C:/Users/Hp/Documents/NetBeansProjects/RubricsMain/src/rubricsmain/RubricsMain.java</file>
            <file>file:/C:/Users/Hp/Documents/NetBeansProjects/RubricsMain/src/rubricsmain/Students.java</file>
            <file>file:/C:/Users/Hp/Documents/NetBeansProjects/RubricsMain/src/rubricsmain/Teacher.java</file>
            <file>file:/C:/Users/Hp/Documents/NetBeansProjects/RubricsMain/src/rubricsmain/AdminData.java</file>
            <file>file:/C:/Users/Hp/Documents/NetBeansProjects/RubricsMain/src/rubricsmain/CLOs.java</file>
        </group>
    </open-files>
</project-private>
